"Label","When","Config","Metric","Value"
"step168 часы: до","2026-09-11","fork=unknown cpu=qemu64,+nx accel=tcg disk=usb","census.wall_ms","16261"
"step168 часы: до","2026-09-11","fork=unknown cpu=qemu64,+nx accel=tcg disk=usb","run.Bench.wall_ms","574"
"step168 часы: до","2026-09-11","fork=unknown cpu=qemu64,+nx accel=tcg disk=usb","run.Bench.clock.avg_ns","9816"
"step168 часы: до","2026-09-11","fork=unknown cpu=qemu64,+nx accel=tcg disk=usb","bench.clock.utcnow.backsteps","1"
"step168 часы: до","2026-09-11","fork=unknown cpu=qemu64,+nx accel=tcg disk=usb","bench.clock.self_timed_ms","-442"
"step168 часы: HPET","2026-09-11","fork=unknown cpu=qemu64,+nx accel=tcg disk=usb","census.wall_ms","16536"
"step168 часы: HPET","2026-09-11","fork=unknown cpu=qemu64,+nx accel=tcg disk=usb","run.Bench.wall_ms","66"
"step168 часы: HPET","2026-09-11","fork=unknown cpu=qemu64,+nx accel=tcg disk=usb","run.Bench.clock.avg_ns","961"
"step168 часы: HPET","2026-09-11","fork=unknown cpu=qemu64,+nx accel=tcg disk=usb","bench.clock.utcnow.backsteps","0"
"step168 часы: HPET","2026-09-11","fork=unknown cpu=qemu64,+nx accel=tcg disk=usb","bench.clock.self_timed_ms","62"
"step169 все бенчи","2026-09-11","fork=Release cpu=qemu64,+nx accel=tcg disk=usb","census.wall_ms","16826"
"step169 все бенчи","2026-09-11","fork=Release cpu=qemu64,+nx accel=tcg disk=usb","run.Bench.wall_ms","852"
"step169 все бенчи","2026-09-11","fork=Release cpu=qemu64,+nx accel=tcg disk=usb","run.Bench.clock.avg_ns","880"
"step169 все бенчи","2026-09-11","fork=Release cpu=qemu64,+nx accel=tcg disk=usb","run.Bench.disklog.total_ms","26"
"step169 все бенчи","2026-09-11","fork=Release cpu=qemu64,+nx accel=tcg disk=usb","bench.clock.utcnow.backsteps","0"
"step169 все бенчи","2026-09-11","fork=Release cpu=qemu64,+nx accel=tcg disk=usb","bench.clock.self_timed_ms","56"
"step169 все бенчи","2026-09-11","fork=Release cpu=qemu64,+nx accel=tcg disk=usb","bench.alloc.short.ns_per_op","417"
"step169 все бенчи","2026-09-11","fork=Release cpu=qemu64,+nx accel=tcg disk=usb","bench.alloc.short.gc0","78"
"step169 все бенчи","2026-09-11","fork=Release cpu=qemu64,+nx accel=tcg disk=usb","bench.alloc.retained.ns_per_op","468"
"step169 все бенчи","2026-09-11","fork=Release cpu=qemu64,+nx accel=tcg disk=usb","bench.strings.ns_per_op","4146"
"step169 все бенчи","2026-09-11","fork=Release cpu=qemu64,+nx accel=tcg disk=usb","bench.collections.ns_per_op","490"
"step169 все бенчи","2026-09-11","fork=Release cpu=qemu64,+nx accel=tcg disk=usb","bench.exceptions.ns_per_op","113429"
"step169 все бенчи","2026-09-11","fork=Release cpu=qemu64,+nx accel=tcg disk=usb","bench.jit.ns_per_op","579196"
"step169 все бенчи","2026-09-11","fork=Release cpu=qemu64,+nx accel=tcg disk=usb","bench.tasks.ns_per_op","49496"
"step169 все бенчи","2026-09-11","fork=Release cpu=qemu64,+nx accel=tcg disk=usb","bench.output.ns_per_op","1004290"
"step169 счётчики","2026-09-11","fork=Release cpu=qemu64,+nx accel=tcg disk=usb","census.wall_ms","16639"
"step169 счётчики","2026-09-11","fork=Release cpu=qemu64,+nx accel=tcg disk=usb","run.Bench.wall_ms","844"
"step169 счётчики","2026-09-11","fork=Release cpu=qemu64,+nx accel=tcg disk=usb","run.Bench.clock.avg_ns","968"
"step169 счётчики","2026-09-11","fork=Release cpu=qemu64,+nx accel=tcg disk=usb","run.Bench.disklog.total_ms","23"
"step169 счётчики","2026-09-11","fork=Release cpu=qemu64,+nx accel=tcg disk=usb","run.Bench.screen.total_ms","132"
"step169 счётчики","2026-09-11","fork=Release cpu=qemu64,+nx accel=tcg disk=usb","bench.clock.utcnow.backsteps","0"
"step169 счётчики","2026-09-11","fork=Release cpu=qemu64,+nx accel=tcg disk=usb","bench.clock.self_timed_ms","60"
"step169 счётчики","2026-09-11","fork=Release cpu=qemu64,+nx accel=tcg disk=usb","bench.alloc.short.ns_per_op","395"
"step169 счётчики","2026-09-11","fork=Release cpu=qemu64,+nx accel=tcg disk=usb","bench.alloc.short.gc0","80"
"step169 счётчики","2026-09-11","fork=Release cpu=qemu64,+nx accel=tcg disk=usb","bench.alloc.retained.ns_per_op","424"
"step169 счётчики","2026-09-11","fork=Release cpu=qemu64,+nx accel=tcg disk=usb","bench.strings.ns_per_op","3967"
"step169 счётчики","2026-09-11","fork=Release cpu=qemu64,+nx accel=tcg disk=usb","bench.collections.ns_per_op","603"
"step169 счётчики","2026-09-11","fork=Release cpu=qemu64,+nx accel=tcg disk=usb","bench.exceptions.ns_per_op","116210"
"step169 счётчики","2026-09-11","fork=Release cpu=qemu64,+nx accel=tcg disk=usb","bench.jit.ns_per_op","610097"
"step169 счётчики","2026-09-11","fork=Release cpu=qemu64,+nx accel=tcg disk=usb","bench.tasks.ns_per_op","20124"
"step169 счётчики","2026-09-11","fork=Release cpu=qemu64,+nx accel=tcg disk=usb","bench.output.ns_per_op","1005293"
"step169 перерисовки ≤60/с","2026-09-13","fork=Release cpu=qemu64,+nx accel=tcg disk=usb","census.wall_ms","16587"
"step169 перерисовки ≤60/с","2026-09-13","fork=Release cpu=qemu64,+nx accel=tcg disk=usb","run.Bench.wall_ms","738"
"step169 перерисовки ≤60/с","2026-09-13","fork=Release cpu=qemu64,+nx accel=tcg disk=usb","run.Bench.clock.avg_ns","1017"
"step169 перерисовки ≤60/с","2026-09-13","fork=Release cpu=qemu64,+nx accel=tcg disk=usb","run.Bench.disklog.total_ms","17"
"step169 перерисовки ≤60/с","2026-09-13","fork=Release cpu=qemu64,+nx accel=tcg disk=usb","run.Bench.screen.total_ms","10"
"step169 перерисовки ≤60/с","2026-09-13","fork=Release cpu=qemu64,+nx accel=tcg disk=usb","bench.clock.utcnow.backsteps","0"
"step169 перерисовки ≤60/с","2026-09-13","fork=Release cpu=qemu64,+nx accel=tcg disk=usb","bench.clock.self_timed_ms","61"
"step169 перерисовки ≤60/с","2026-09-13","fork=Release cpu=qemu64,+nx accel=tcg disk=usb","bench.alloc.short.ns_per_op","690"
"step169 перерисовки ≤60/с","2026-09-13","fork=Release cpu=qemu64,+nx accel=tcg disk=usb","bench.alloc.short.gc0","87"
"step169 перерисовки ≤60/с","2026-09-13","fork=Release cpu=qemu64,+nx accel=tcg disk=usb","bench.alloc.retained.ns_per_op","495"
"step169 перерисовки ≤60/с","2026-09-13","fork=Release cpu=qemu64,+nx accel=tcg disk=usb","bench.strings.ns_per_op","3856"
"step169 перерисовки ≤60/с","2026-09-13","fork=Release cpu=qemu64,+nx accel=tcg disk=usb","bench.collections.ns_per_op","98"
"step169 перерисовки ≤60/с","2026-09-13","fork=Release cpu=qemu64,+nx accel=tcg disk=usb","bench.exceptions.ns_per_op","123963"
"step169 перерисовки ≤60/с","2026-09-13","fork=Release cpu=qemu64,+nx accel=tcg disk=usb","bench.jit.ns_per_op","626816"
"step169 перерисовки ≤60/с","2026-09-13","fork=Release cpu=qemu64,+nx accel=tcg disk=usb","bench.tasks.ns_per_op","23069"
"step169 перерисовки ≤60/с","2026-09-13","fork=Release cpu=qemu64,+nx accel=tcg disk=usb","bench.output.ns_per_op","398323"
"опыт: -cpu max","2026-09-13","fork=Release cpu=max accel=tcg disk=usb","census.wall_ms","16244"
"опыт: -cpu max","2026-09-13","fork=Release cpu=max accel=tcg disk=usb","run.Bench.wall_ms","856"
"опыт: -cpu max","2026-09-13","fork=Release cpu=max accel=tcg disk=usb","run.Bench.clock.avg_ns","940"
"опыт: -cpu max","2026-09-13","fork=Release cpu=max accel=tcg disk=usb","run.Bench.disklog.total_ms","17"
"опыт: -cpu max","2026-09-13","fork=Release cpu=max accel=tcg disk=usb","run.Bench.screen.total_ms","10"
"опыт: -cpu max","2026-09-13","fork=Release cpu=max accel=tcg disk=usb","bench.clock.utcnow.backsteps","0"
"опыт: -cpu max","2026-09-13","fork=Release cpu=max accel=tcg disk=usb","bench.clock.self_timed_ms","60"
"опыт: -cpu max","2026-09-13","fork=Release cpu=max accel=tcg disk=usb","bench.alloc.short.ns_per_op","518"
"опыт: -cpu max","2026-09-13","fork=Release cpu=max accel=tcg disk=usb","bench.alloc.short.gc0","36"
"опыт: -cpu max","2026-09-13","fork=Release cpu=max accel=tcg disk=usb","bench.alloc.retained.ns_per_op","898"
"опыт: -cpu max","2026-09-13","fork=Release cpu=max accel=tcg disk=usb","bench.strings.ns_per_op","4444"
"опыт: -cpu max","2026-09-13","fork=Release cpu=max accel=tcg disk=usb","bench.collections.ns_per_op","525"
"опыт: -cpu max","2026-09-13","fork=Release cpu=max accel=tcg disk=usb","bench.exceptions.ns_per_op","118366"
"опыт: -cpu max","2026-09-13","fork=Release cpu=max accel=tcg disk=usb","bench.jit.ns_per_op","583010"
"опыт: -cpu max","2026-09-13","fork=Release cpu=max accel=tcg disk=usb","bench.tasks.ns_per_op","121236"
"опыт: -cpu max","2026-09-13","fork=Release cpu=max accel=tcg disk=usb","bench.output.ns_per_op","384072"
"step169 кеши+аллокаторы","2026-09-13","fork=Release cpu=max accel=tcg disk=usb","census.wall_ms","16396"
"step169 кеши+аллокаторы","2026-09-13","fork=Release cpu=max accel=tcg disk=usb","run.Bench.wall_ms","529"
"step169 кеши+аллокаторы","2026-09-13","fork=Release cpu=max accel=tcg disk=usb","run.Bench.clock.avg_ns","1097"
"step169 кеши+аллокаторы","2026-09-13","fork=Release cpu=max accel=tcg disk=usb","run.Bench.disklog.total_ms","16"
"step169 кеши+аллокаторы","2026-09-13","fork=Release cpu=max accel=tcg disk=usb","run.Bench.screen.total_ms","12"
"step169 кеши+аллокаторы","2026-09-13","fork=Release cpu=max accel=tcg disk=usb","bench.clock.utcnow.backsteps","0"
"step169 кеши+аллокаторы","2026-09-13","fork=Release cpu=max accel=tcg disk=usb","bench.clock.self_timed_ms","70"
"step169 кеши+аллокаторы","2026-09-13","fork=Release cpu=max accel=tcg disk=usb","bench.alloc.short.ns_per_op","162"
"step169 кеши+аллокаторы","2026-09-13","fork=Release cpu=max accel=tcg disk=usb","bench.alloc.short.gc0","2"
"step169 кеши+аллокаторы","2026-09-13","fork=Release cpu=max accel=tcg disk=usb","bench.alloc.retained.ns_per_op","494"
"step169 кеши+аллокаторы","2026-09-13","fork=Release cpu=max accel=tcg disk=usb","bench.strings.ns_per_op","728"
"step169 кеши+аллокаторы","2026-09-13","fork=Release cpu=max accel=tcg disk=usb","bench.collections.ns_per_op","526"
"step169 кеши+аллокаторы","2026-09-13","fork=Release cpu=max accel=tcg disk=usb","bench.exceptions.ns_per_op","117343"
"step169 кеши+аллокаторы","2026-09-13","fork=Release cpu=max accel=tcg disk=usb","bench.jit.ns_per_op","590370"
"step169 кеши+аллокаторы","2026-09-13","fork=Release cpu=max accel=tcg disk=usb","bench.tasks.ns_per_op","95153"
"step169 кеши+аллокаторы","2026-09-13","fork=Release cpu=max accel=tcg disk=usb","bench.output.ns_per_op","413068"
"step169 BenchAot, EH-трасса выкл","2026-09-13","fork=Release cpu=qemu64,+nx accel=tcg disk=usb","census.wall_ms","16403"
"step169 BenchAot, EH-трасса выкл","2026-09-13","fork=Release cpu=qemu64,+nx accel=tcg disk=usb","run.Bench.wall_ms","480"
"step169 BenchAot, EH-трасса выкл","2026-09-13","fork=Release cpu=qemu64,+nx accel=tcg disk=usb","run.Bench.clock.avg_ns","1204"
"step169 BenchAot, EH-трасса выкл","2026-09-13","fork=Release cpu=qemu64,+nx accel=tcg disk=usb","run.Bench.disklog.total_ms","22"
"step169 BenchAot, EH-трасса выкл","2026-09-13","fork=Release cpu=qemu64,+nx accel=tcg disk=usb","run.Bench.screen.total_ms","10"
"step169 BenchAot, EH-трасса выкл","2026-09-13","fork=Release cpu=qemu64,+nx accel=tcg disk=usb","aot.alloc.short.ns_per_op","123"
"step169 BenchAot, EH-трасса выкл","2026-09-13","fork=Release cpu=qemu64,+nx accel=tcg disk=usb","aot.alloc.short.gc","0"
"step169 BenchAot, EH-трасса выкл","2026-09-13","fork=Release cpu=qemu64,+nx accel=tcg disk=usb","aot.alloc.retained.ns_per_op","262"
"step169 BenchAot, EH-трасса выкл","2026-09-13","fork=Release cpu=qemu64,+nx accel=tcg disk=usb","aot.strings.ns_per_op","1004"
"step169 BenchAot, EH-трасса выкл","2026-09-13","fork=Release cpu=qemu64,+nx accel=tcg disk=usb","aot.collections.ns_per_op","186"
"step169 BenchAot, EH-трасса выкл","2026-09-13","fork=Release cpu=qemu64,+nx accel=tcg disk=usb","aot.exceptions.ns_per_op","8943"
"step169 BenchAot, EH-трасса выкл","2026-09-13","fork=Release cpu=qemu64,+nx accel=tcg disk=usb","aot.tasks.ns_per_op","527964"
"step169 BenchAot, EH-трасса выкл","2026-09-13","fork=Release cpu=qemu64,+nx accel=tcg disk=usb","aot.output.ns_per_op","1423352"
"step169 BenchAot, EH-трасса выкл","2026-09-13","fork=Release cpu=qemu64,+nx accel=tcg disk=usb","bench.clock.utcnow.backsteps","0"
"step169 BenchAot, EH-трасса выкл","2026-09-13","fork=Release cpu=qemu64,+nx accel=tcg disk=usb","bench.clock.self_timed_ms","78"
"step169 BenchAot, EH-трасса выкл","2026-09-13","fork=Release cpu=qemu64,+nx accel=tcg disk=usb","bench.alloc.short.ns_per_op","164"
"step169 BenchAot, EH-трасса выкл","2026-09-13","fork=Release cpu=qemu64,+nx accel=tcg disk=usb","bench.alloc.short.gc0","2"
"step169 BenchAot, EH-трасса выкл","2026-09-13","fork=Release cpu=qemu64,+nx accel=tcg disk=usb","bench.alloc.retained.ns_per_op","490"
"step169 BenchAot, EH-трасса выкл","2026-09-13","fork=Release cpu=qemu64,+nx accel=tcg disk=usb","bench.strings.ns_per_op","730"
"step169 BenchAot, EH-трасса выкл","2026-09-13","fork=Release cpu=qemu64,+nx accel=tcg disk=usb","bench.collections.ns_per_op","281"
"step169 BenchAot, EH-трасса выкл","2026-09-13","fork=Release cpu=qemu64,+nx accel=tcg disk=usb","bench.exceptions.ns_per_op","127378"
"step169 BenchAot, EH-трасса выкл","2026-09-13","fork=Release cpu=qemu64,+nx accel=tcg disk=usb","bench.jit.ns_per_op","557610"
"step169 BenchAot, EH-трасса выкл","2026-09-13","fork=Release cpu=qemu64,+nx accel=tcg disk=usb","bench.tasks.ns_per_op","48183"
"step169 BenchAot, EH-трасса выкл","2026-09-13","fork=Release cpu=qemu64,+nx accel=tcg disk=usb","bench.output.ns_per_op","429590"
"step169 вывод AOT: кадр не чаще 60/с","2026-09-13","fork=Release cpu=qemu64,+nx accel=tcg disk=usb","census.wall_ms","16347"
"step169 вывод AOT: кадр не чаще 60/с","2026-09-13","fork=Release cpu=qemu64,+nx accel=tcg disk=usb","run.Bench.wall_ms","475"
"step169 вывод AOT: кадр не чаще 60/с","2026-09-13","fork=Release cpu=qemu64,+nx accel=tcg disk=usb","run.Bench.clock.avg_ns","1026"
"step169 вывод AOT: кадр не чаще 60/с","2026-09-13","fork=Release cpu=qemu64,+nx accel=tcg disk=usb","run.Bench.disklog.total_ms","16"
"step169 вывод AOT: кадр не чаще 60/с","2026-09-13","fork=Release cpu=qemu64,+nx accel=tcg disk=usb","run.Bench.screen.total_ms","12"
"step169 вывод AOT: кадр не чаще 60/с","2026-09-13","fork=Release cpu=qemu64,+nx accel=tcg disk=usb","aot.alloc.short.ns_per_op","108"
"step169 вывод AOT: кадр не чаще 60/с","2026-09-13","fork=Release cpu=qemu64,+nx accel=tcg disk=usb","aot.alloc.short.gc","0"
"step169 вывод AOT: кадр не чаще 60/с","2026-09-13","fork=Release cpu=qemu64,+nx accel=tcg disk=usb","aot.alloc.retained.ns_per_op","218"
"step169 вывод AOT: кадр не чаще 60/с","2026-09-13","fork=Release cpu=qemu64,+nx accel=tcg disk=usb","aot.strings.ns_per_op","919"
"step169 вывод AOT: кадр не чаще 60/с","2026-09-13","fork=Release cpu=qemu64,+nx accel=tcg disk=usb","aot.collections.ns_per_op","156"
"step169 вывод AOT: кадр не чаще 60/с","2026-09-13","fork=Release cpu=qemu64,+nx accel=tcg disk=usb","aot.exceptions.ns_per_op","4934"
"step169 вывод AOT: кадр не чаще 60/с","2026-09-13","fork=Release cpu=qemu64,+nx accel=tcg disk=usb","aot.tasks.ns_per_op","573939"
"step169 вывод AOT: кадр не чаще 60/с","2026-09-13","fork=Release cpu=qemu64,+nx accel=tcg disk=usb","aot.output.ns_per_op","642576"
"step169 вывод AOT: кадр не чаще 60/с","2026-09-13","fork=Release cpu=qemu64,+nx accel=tcg disk=usb","bench.clock.utcnow.backsteps","0"
"step169 вывод AOT: кадр не чаще 60/с","2026-09-13","fork=Release cpu=qemu64,+nx accel=tcg disk=usb","bench.clock.self_timed_ms","66"
"step169 вывод AOT: кадр не чаще 60/с","2026-09-13","fork=Release cpu=qemu64,+nx accel=tcg disk=usb","bench.alloc.short.ns_per_op","154"
"step169 вывод AOT: кадр не чаще 60/с","2026-09-13","fork=Release cpu=qemu64,+nx accel=tcg disk=usb","bench.alloc.short.gc0","2"
"step169 вывод AOT: кадр не чаще 60/с","2026-09-13","fork=Release cpu=qemu64,+nx accel=tcg disk=usb","bench.alloc.retained.ns_per_op","520"
"step169 вывод AOT: кадр не чаще 60/с","2026-09-13","fork=Release cpu=qemu64,+nx accel=tcg disk=usb","bench.strings.ns_per_op","635"
"step169 вывод AOT: кадр не чаще 60/с","2026-09-13","fork=Release cpu=qemu64,+nx accel=tcg disk=usb","bench.collections.ns_per_op","442"
"step169 вывод AOT: кадр не чаще 60/с","2026-09-13","fork=Release cpu=qemu64,+nx accel=tcg disk=usb","bench.exceptions.ns_per_op","119920"
"step169 вывод AOT: кадр не чаще 60/с","2026-09-13","fork=Release cpu=qemu64,+nx accel=tcg disk=usb","bench.jit.ns_per_op","644182"
"step169 вывод AOT: кадр не чаще 60/с","2026-09-13","fork=Release cpu=qemu64,+nx accel=tcg disk=usb","bench.tasks.ns_per_op","18892"
"step169 вывод AOT: кадр не чаще 60/с","2026-09-13","fork=Release cpu=qemu64,+nx accel=tcg disk=usb","bench.output.ns_per_op","405346"
"step169 детектор: вывод до задач","2026-09-13","fork=Release cpu=qemu64,+nx accel=tcg disk=usb","census.wall_ms","16224"
"step169 детектор: вывод до задач","2026-09-13","fork=Release cpu=qemu64,+nx accel=tcg disk=usb","run.BENCHAOT.screen.total_ms","33"
"step169 детектор: вывод до задач","2026-09-13","fork=Release cpu=qemu64,+nx accel=tcg disk=usb","run.Bench.wall_ms","504"
"step169 детектор: вывод до задач","2026-09-13","fork=Release cpu=qemu64,+nx accel=tcg disk=usb","run.Bench.clock.avg_ns","992"
"step169 детектор: вывод до задач","2026-09-13","fork=Release cpu=qemu64,+nx accel=tcg disk=usb","run.Bench.disklog.total_ms","17"
"step169 детектор: вывод до задач","2026-09-13","fork=Release cpu=qemu64,+nx accel=tcg disk=usb","run.Bench.screen.total_ms","12"
"step169 детектор: вывод до задач","2026-09-13","fork=Release cpu=qemu64,+nx accel=tcg disk=usb","aot.output.first.ns_per_op","639270"
"step169 детектор: вывод до задач","2026-09-13","fork=Release cpu=qemu64,+nx accel=tcg disk=usb","aot.alloc.short.ns_per_op","113"
"step169 детектор: вывод до задач","2026-09-13","fork=Release cpu=qemu64,+nx accel=tcg disk=usb","aot.alloc.short.gc","0"
"step169 детектор: вывод до задач","2026-09-13","fork=Release cpu=qemu64,+nx accel=tcg disk=usb","aot.alloc.retained.ns_per_op","152"
"step169 детектор: вывод до задач","2026-09-13","fork=Release cpu=qemu64,+nx accel=tcg disk=usb","aot.strings.ns_per_op","874"
"step169 детектор: вывод до задач","2026-09-13","fork=Release cpu=qemu64,+nx accel=tcg disk=usb","aot.collections.ns_per_op","177"
"step169 детектор: вывод до задач","2026-09-13","fork=Release cpu=qemu64,+nx accel=tcg disk=usb","aot.exceptions.ns_per_op","4847"
"step169 детектор: вывод до задач","2026-09-13","fork=Release cpu=qemu64,+nx accel=tcg disk=usb","aot.tasks.ns_per_op","415308"
"step169 детектор: вывод до задач","2026-09-13","fork=Release cpu=qemu64,+nx accel=tcg disk=usb","aot.output.ns_per_op","616220"
"step169 детектор: вывод до задач","2026-09-13","fork=Release cpu=qemu64,+nx accel=tcg disk=usb","bench.clock.utcnow.backsteps","0"
"step169 детектор: вывод до задач","2026-09-13","fork=Release cpu=qemu64,+nx accel=tcg disk=usb","bench.clock.self_timed_ms","63"
"step169 детектор: вывод до задач","2026-09-13","fork=Release cpu=qemu64,+nx accel=tcg disk=usb","bench.alloc.short.ns_per_op","156"
"step169 детектор: вывод до задач","2026-09-13","fork=Release cpu=qemu64,+nx accel=tcg disk=usb","bench.alloc.short.gc0","2"
"step169 детектор: вывод до задач","2026-09-13","fork=Release cpu=qemu64,+nx accel=tcg disk=usb","bench.alloc.retained.ns_per_op","492"
"step169 детектор: вывод до задач","2026-09-13","fork=Release cpu=qemu64,+nx accel=tcg disk=usb","bench.strings.ns_per_op","804"
"step169 детектор: вывод до задач","2026-09-13","fork=Release cpu=qemu64,+nx accel=tcg disk=usb","bench.collections.ns_per_op","667"
"step169 детектор: вывод до задач","2026-09-13","fork=Release cpu=qemu64,+nx accel=tcg disk=usb","bench.exceptions.ns_per_op","116956"
"step169 детектор: вывод до задач","2026-09-13","fork=Release cpu=qemu64,+nx accel=tcg disk=usb","bench.jit.ns_per_op","569934"
"step169 детектор: вывод до задач","2026-09-13","fork=Release cpu=qemu64,+nx accel=tcg disk=usb","bench.tasks.ns_per_op","27800"
"step169 детектор: вывод до задач","2026-09-13","fork=Release cpu=qemu64,+nx accel=tcg disk=usb","bench.output.ns_per_op","395768"
"step169 вывод AOT = hosted (s_feeding)","2026-09-13","fork=Release cpu=qemu64,+nx accel=tcg disk=usb","census.wall_ms","16357"
"step169 вывод AOT = hosted (s_feeding)","2026-09-13","fork=Release cpu=qemu64,+nx accel=tcg disk=usb","run.BENCHAOT.screen.total_ms","27"
"step169 вывод AOT = hosted (s_feeding)","2026-09-13","fork=Release cpu=qemu64,+nx accel=tcg disk=usb","run.BENCHAOT.write.total_ms","190"
"step169 вывод AOT = hosted (s_feeding)","2026-09-13","fork=Release cpu=qemu64,+nx accel=tcg disk=usb","run.Bench.wall_ms","482"
"step169 вывод AOT = hosted (s_feeding)","2026-09-13","fork=Release cpu=qemu64,+nx accel=tcg disk=usb","run.Bench.clock.avg_ns","980"
"step169 вывод AOT = hosted (s_feeding)","2026-09-13","fork=Release cpu=qemu64,+nx accel=tcg disk=usb","run.Bench.disklog.total_ms","18"
"step169 вывод AOT = hosted (s_feeding)","2026-09-13","fork=Release cpu=qemu64,+nx accel=tcg disk=usb","run.Bench.screen.total_ms","11"
"step169 вывод AOT = hosted (s_feeding)","2026-09-13","fork=Release cpu=qemu64,+nx accel=tcg disk=usb","run.Bench.write.total_ms","95"
"step169 вывод AOT = hosted (s_feeding)","2026-09-13","fork=Release cpu=qemu64,+nx accel=tcg disk=usb","aot.output.first.ns_per_op","461567"
"step169 вывод AOT = hosted (s_feeding)","2026-09-13","fork=Release cpu=qemu64,+nx accel=tcg disk=usb","aot.alloc.short.ns_per_op","138"
"step169 вывод AOT = hosted (s_feeding)","2026-09-13","fork=Release cpu=qemu64,+nx accel=tcg disk=usb","aot.alloc.short.gc","0"
"step169 вывод AOT = hosted (s_feeding)","2026-09-13","fork=Release cpu=qemu64,+nx accel=tcg disk=usb","aot.alloc.retained.ns_per_op","209"
"step169 вывод AOT = hosted (s_feeding)","2026-09-13","fork=Release cpu=qemu64,+nx accel=tcg disk=usb","aot.strings.ns_per_op","1034"
"step169 вывод AOT = hosted (s_feeding)","2026-09-13","fork=Release cpu=qemu64,+nx accel=tcg disk=usb","aot.collections.ns_per_op","193"
"step169 вывод AOT = hosted (s_feeding)","2026-09-13","fork=Release cpu=qemu64,+nx accel=tcg disk=usb","aot.exceptions.ns_per_op","5712"
"step169 вывод AOT = hosted (s_feeding)","2026-09-13","fork=Release cpu=qemu64,+nx accel=tcg disk=usb","aot.tasks.ns_per_op","468358"
"step169 вывод AOT = hosted (s_feeding)","2026-09-13","fork=Release cpu=qemu64,+nx accel=tcg disk=usb","aot.output.ns_per_op","425642"
"step169 вывод AOT = hosted (s_feeding)","2026-09-13","fork=Release cpu=qemu64,+nx accel=tcg disk=usb","bench.clock.utcnow.backsteps","0"
"step169 вывод AOT = hosted (s_feeding)","2026-09-13","fork=Release cpu=qemu64,+nx accel=tcg disk=usb","bench.clock.self_timed_ms","62"
"step169 вывод AOT = hosted (s_feeding)","2026-09-13","fork=Release cpu=qemu64,+nx accel=tcg disk=usb","bench.alloc.short.ns_per_op","162"
"step169 вывод AOT = hosted (s_feeding)","2026-09-13","fork=Release cpu=qemu64,+nx accel=tcg disk=usb","bench.alloc.short.gc0","3"
"step169 вывод AOT = hosted (s_feeding)","2026-09-13","fork=Release cpu=qemu64,+nx accel=tcg disk=usb","bench.alloc.retained.ns_per_op","649"
"step169 вывод AOT = hosted (s_feeding)","2026-09-13","fork=Release cpu=qemu64,+nx accel=tcg disk=usb","bench.strings.ns_per_op","798"
"step169 вывод AOT = hosted (s_feeding)","2026-09-13","fork=Release cpu=qemu64,+nx accel=tcg disk=usb","bench.collections.ns_per_op","432"
"step169 вывод AOT = hosted (s_feeding)","2026-09-13","fork=Release cpu=qemu64,+nx accel=tcg disk=usb","bench.exceptions.ns_per_op","120392"
"step169 вывод AOT = hosted (s_feeding)","2026-09-13","fork=Release cpu=qemu64,+nx accel=tcg disk=usb","bench.jit.ns_per_op","611304"
"step169 вывод AOT = hosted (s_feeding)","2026-09-13","fork=Release cpu=qemu64,+nx accel=tcg disk=usb","bench.tasks.ns_per_op","22448"
"step169 вывод AOT = hosted (s_feeding)","2026-09-13","fork=Release cpu=qemu64,+nx accel=tcg disk=usb","bench.output.ns_per_op","412965"
"step169 обход GC приложений через переходники","2026-09-13","fork=Release cpu=qemu64,+nx accel=tcg disk=usb","census.wall_ms","16295"
"step169 обход GC приложений через переходники","2026-09-13","fork=Release cpu=qemu64,+nx accel=tcg disk=usb","run.BENCHAOT.screen.total_ms","26"
"step169 обход GC приложений через переходники","2026-09-13","fork=Release cpu=qemu64,+nx accel=tcg disk=usb","run.BENCHAOT.write.total_ms","181"
"step169 обход GC приложений через переходники","2026-09-13","fork=Release cpu=qemu64,+nx accel=tcg disk=usb","run.Bench.wall_ms","472"
"step169 обход GC приложений через переходники","2026-09-13","fork=Release cpu=qemu64,+nx accel=tcg disk=usb","run.Bench.clock.avg_ns","980"
"step169 обход GC приложений через переходники","2026-09-13","fork=Release cpu=qemu64,+nx accel=tcg disk=usb","run.Bench.disklog.total_ms","17"
"step169 обход GC приложений через переходники","2026-09-13","fork=Release cpu=qemu64,+nx accel=tcg disk=usb","run.Bench.screen.total_ms","10"
"step169 обход GC приложений через переходники","2026-09-13","fork=Release cpu=qemu64,+nx accel=tcg disk=usb","run.Bench.write.total_ms","91"
"step169 обход GC приложений через переходники","2026-09-13","fork=Release cpu=qemu64,+nx accel=tcg disk=usb","aot.output.first.ns_per_op","435954"
"step169 обход GC приложений через переходники","2026-09-13","fork=Release cpu=qemu64,+nx accel=tcg disk=usb","aot.alloc.short.ns_per_op","140"
"step169 обход GC приложений через переходники","2026-09-13","fork=Release cpu=qemu64,+nx accel=tcg disk=usb","aot.alloc.short.gc","0"
"step169 обход GC приложений через переходники","2026-09-13","fork=Release cpu=qemu64,+nx accel=tcg disk=usb","aot.alloc.retained.ns_per_op","204"
"step169 обход GC приложений через переходники","2026-09-13","fork=Release cpu=qemu64,+nx accel=tcg disk=usb","aot.strings.ns_per_op","1035"
"step169 обход GC приложений через переходники","2026-09-13","fork=Release cpu=qemu64,+nx accel=tcg disk=usb","aot.collections.ns_per_op","196"
"step169 обход GC приложений через переходники","2026-09-13","fork=Release cpu=qemu64,+nx accel=tcg disk=usb","aot.exceptions.ns_per_op","5439"
"step169 обход GC приложений через переходники","2026-09-13","fork=Release cpu=qemu64,+nx accel=tcg disk=usb","aot.tasks.ns_per_op","382804"
"step169 обход GC приложений через переходники","2026-09-13","fork=Release cpu=qemu64,+nx accel=tcg disk=usb","aot.output.ns_per_op","430472"
"step169 обход GC приложений через переходники","2026-09-13","fork=Release cpu=qemu64,+nx accel=tcg disk=usb","bench.clock.utcnow.backsteps","0"
"step169 обход GC приложений через переходники","2026-09-13","fork=Release cpu=qemu64,+nx accel=tcg disk=usb","bench.clock.self_timed_ms","62"
"step169 обход GC приложений через переходники","2026-09-13","fork=Release cpu=qemu64,+nx accel=tcg disk=usb","bench.alloc.short.ns_per_op","158"
"step169 обход GC приложений через переходники","2026-09-13","fork=Release cpu=qemu64,+nx accel=tcg disk=usb","bench.alloc.short.gc0","2"
"step169 обход GC приложений через переходники","2026-09-13","fork=Release cpu=qemu64,+nx accel=tcg disk=usb","bench.alloc.retained.ns_per_op","524"
"step169 обход GC приложений через переходники","2026-09-13","fork=Release cpu=qemu64,+nx accel=tcg disk=usb","bench.strings.ns_per_op","624"
"step169 обход GC приложений через переходники","2026-09-13","fork=Release cpu=qemu64,+nx accel=tcg disk=usb","bench.collections.ns_per_op","431"
"step169 обход GC приложений через переходники","2026-09-13","fork=Release cpu=qemu64,+nx accel=tcg disk=usb","bench.exceptions.ns_per_op","118918"
"step169 обход GC приложений через переходники","2026-09-13","fork=Release cpu=qemu64,+nx accel=tcg disk=usb","bench.jit.ns_per_op","627273"
"step169 обход GC приложений через переходники","2026-09-13","fork=Release cpu=qemu64,+nx accel=tcg disk=usb","bench.tasks.ns_per_op","30288"
"step169 обход GC приложений через переходники","2026-09-13","fork=Release cpu=qemu64,+nx accel=tcg disk=usb","bench.output.ns_per_op","390682"
"опыт: TieredCompilation=false","2026-09-13","fork=Release tiering=off cpu=qemu64,+nx accel=tcg disk=usb","census.wall_ms","19022"
"опыт: TieredCompilation=false","2026-09-13","fork=Release tiering=off cpu=qemu64,+nx accel=tcg disk=usb","run.Bench.wall_ms","502"
"опыт: TieredCompilation=false","2026-09-13","fork=Release tiering=off cpu=qemu64,+nx accel=tcg disk=usb","run.Bench.clock.avg_ns","1112"
"опыт: TieredCompilation=false","2026-09-13","fork=Release tiering=off cpu=qemu64,+nx accel=tcg disk=usb","run.Bench.disklog.total_ms","17"
"опыт: TieredCompilation=false","2026-09-13","fork=Release tiering=off cpu=qemu64,+nx accel=tcg disk=usb","run.Bench.screen.total_ms","11"
"опыт: TieredCompilation=false","2026-09-13","fork=Release tiering=off cpu=qemu64,+nx accel=tcg disk=usb","run.Bench.write.total_ms","101"
"опыт: TieredCompilation=false","2026-09-13","fork=Release tiering=off cpu=qemu64,+nx accel=tcg disk=usb","run.BENCHAOT.screen.total_ms","27"
"опыт: TieredCompilation=false","2026-09-13","fork=Release tiering=off cpu=qemu64,+nx accel=tcg disk=usb","run.BENCHAOT.write.total_ms","194"
"опыт: TieredCompilation=false","2026-09-13","fork=Release tiering=off cpu=qemu64,+nx accel=tcg disk=usb","bench.clock.utcnow.backsteps","0"
"опыт: TieredCompilation=false","2026-09-13","fork=Release tiering=off cpu=qemu64,+nx accel=tcg disk=usb","bench.clock.self_timed_ms","73"
"опыт: TieredCompilation=false","2026-09-13","fork=Release tiering=off cpu=qemu64,+nx accel=tcg disk=usb","bench.alloc.short.ns_per_op","158"
"опыт: TieredCompilation=false","2026-09-13","fork=Release tiering=off cpu=qemu64,+nx accel=tcg disk=usb","bench.alloc.short.gc0","2"
"опыт: TieredCompilation=false","2026-09-13","fork=Release tiering=off cpu=qemu64,+nx accel=tcg disk=usb","bench.alloc.retained.ns_per_op","669"
"опыт: TieredCompilation=false","2026-09-13","fork=Release tiering=off cpu=qemu64,+nx accel=tcg disk=usb","bench.strings.ns_per_op","755"
"опыт: TieredCompilation=false","2026-09-13","fork=Release tiering=off cpu=qemu64,+nx accel=tcg disk=usb","bench.collections.ns_per_op","433"
"опыт: TieredCompilation=false","2026-09-13","fork=Release tiering=off cpu=qemu64,+nx accel=tcg disk=usb","bench.exceptions.ns_per_op","120540"
"опыт: TieredCompilation=false","2026-09-13","fork=Release tiering=off cpu=qemu64,+nx accel=tcg disk=usb","bench.jit.ns_per_op","627617"
"опыт: TieredCompilation=false","2026-09-13","fork=Release tiering=off cpu=qemu64,+nx accel=tcg disk=usb","bench.tasks.ns_per_op","12634"
"опыт: TieredCompilation=false","2026-09-13","fork=Release tiering=off cpu=qemu64,+nx accel=tcg disk=usb","bench.output.ns_per_op","441851"
"опыт: TieredCompilation=false","2026-09-13","fork=Release tiering=off cpu=qemu64,+nx accel=tcg disk=usb","aot.output.first.ns_per_op","465087"
"опыт: TieredCompilation=false","2026-09-13","fork=Release tiering=off cpu=qemu64,+nx accel=tcg disk=usb","aot.alloc.short.ns_per_op","127"
"опыт: TieredCompilation=false","2026-09-13","fork=Release tiering=off cpu=qemu64,+nx accel=tcg disk=usb","aot.alloc.short.gc","0"
"опыт: TieredCompilation=false","2026-09-13","fork=Release tiering=off cpu=qemu64,+nx accel=tcg disk=usb","aot.alloc.retained.ns_per_op","194"
"опыт: TieredCompilation=false","2026-09-13","fork=Release tiering=off cpu=qemu64,+nx accel=tcg disk=usb","aot.strings.ns_per_op","966"
"опыт: TieredCompilation=false","2026-09-13","fork=Release tiering=off cpu=qemu64,+nx accel=tcg disk=usb","aot.collections.ns_per_op","178"
"опыт: TieredCompilation=false","2026-09-13","fork=Release tiering=off cpu=qemu64,+nx accel=tcg disk=usb","aot.exceptions.ns_per_op","5113"
"опыт: TieredCompilation=false","2026-09-13","fork=Release tiering=off cpu=qemu64,+nx accel=tcg disk=usb","aot.tasks.ns_per_op","553633"
"опыт: TieredCompilation=false","2026-09-13","fork=Release tiering=off cpu=qemu64,+nx accel=tcg disk=usb","aot.output.ns_per_op","454724"
"step170 профайлер (исходная)","2026-09-13","fork=Release tiering=on cpu=qemu64,+nx accel=tcg disk=usb","census.wall_ms","16929"
"step170 профайлер (исходная)","2026-09-13","fork=Release tiering=on cpu=qemu64,+nx accel=tcg disk=usb","run.Bench.wall_ms","1992"
"step170 профайлер (исходная)","2026-09-13","fork=Release tiering=on cpu=qemu64,+nx accel=tcg disk=usb","run.Bench.clock.avg_ns","1442"
"step170 профайлер (исходная)","2026-09-13","fork=Release tiering=on cpu=qemu64,+nx accel=tcg disk=usb","run.Bench.disklog.total_ms","54"
"step170 профайлер (исходная)","2026-09-13","fork=Release tiering=on cpu=qemu64,+nx accel=tcg disk=usb","run.Bench.screen.total_ms","14"
"step170 профайлер (исходная)","2026-09-13","fork=Release tiering=on cpu=qemu64,+nx accel=tcg disk=usb","run.Bench.write.total_ms","278"
"step170 профайлер (исходная)","2026-09-13","fork=Release tiering=on cpu=qemu64,+nx accel=tcg disk=usb","bench.clock.utcnow.backsteps","0"
"step170 профайлер (исходная)","2026-09-13","fork=Release tiering=on cpu=qemu64,+nx accel=tcg disk=usb","bench.clock.self_timed_ms","96"
"step170 профайлер (исходная)","2026-09-13","fork=Release tiering=on cpu=qemu64,+nx accel=tcg disk=usb","bench.alloc.short.ns_per_op","174"
"step170 профайлер (исходная)","2026-09-13","fork=Release tiering=on cpu=qemu64,+nx accel=tcg disk=usb","bench.alloc.short.gc0","3"
"step170 профайлер (исходная)","2026-09-13","fork=Release tiering=on cpu=qemu64,+nx accel=tcg disk=usb","bench.alloc.retained.ns_per_op","618"
"step170 профайлер (исходная)","2026-09-13","fork=Release tiering=on cpu=qemu64,+nx accel=tcg disk=usb","bench.strings.ns_per_op","629"
"step170 профайлер (исходная)","2026-09-13","fork=Release tiering=on cpu=qemu64,+nx accel=tcg disk=usb","bench.collections.ns_per_op","462"
"step170 профайлер (исходная)","2026-09-13","fork=Release tiering=on cpu=qemu64,+nx accel=tcg disk=usb","bench.exceptions.ns_per_op","137260"
"step170 профайлер (исходная)","2026-09-13","fork=Release tiering=on cpu=qemu64,+nx accel=tcg disk=usb","bench.jit.ns_per_op","665014"
"step170 профайлер (исходная)","2026-09-13","fork=Release tiering=on cpu=qemu64,+nx accel=tcg disk=usb","bench.tasks.ns_per_op","18224"
"step170 профайлер (исходная)","2026-09-13","fork=Release tiering=on cpu=qemu64,+nx accel=tcg disk=usb","bench.output.ns_per_op","1208781"
"step170 замеры на TSC, memcpy по 8 байт","2026-09-13","fork=Release tiering=on cpu=qemu64,+nx accel=tcg disk=usb","census.wall_ms","17096"
"step170 замеры на TSC, memcpy по 8 байт","2026-09-13","fork=Release tiering=on cpu=qemu64,+nx accel=tcg disk=usb","run.Bench.wall_ms","1274"
"step170 замеры на TSC, memcpy по 8 байт","2026-09-13","fork=Release tiering=on cpu=qemu64,+nx accel=tcg disk=usb","run.Bench.clock.avg_ns","808"
"step170 замеры на TSC, memcpy по 8 байт","2026-09-13","fork=Release tiering=on cpu=qemu64,+nx accel=tcg disk=usb","run.Bench.disklog.total_ms","18"
"step170 замеры на TSC, memcpy по 8 байт","2026-09-13","fork=Release tiering=on cpu=qemu64,+nx accel=tcg disk=usb","run.Bench.screen.total_ms","12"
"step170 замеры на TSC, memcpy по 8 байт","2026-09-13","fork=Release tiering=on cpu=qemu64,+nx accel=tcg disk=usb","run.Bench.write.total_ms","101"
"step170 замеры на TSC, memcpy по 8 байт","2026-09-13","fork=Release tiering=on cpu=qemu64,+nx accel=tcg disk=usb","bench.clock.utcnow.backsteps","0"
"step170 замеры на TSC, memcpy по 8 байт","2026-09-13","fork=Release tiering=on cpu=qemu64,+nx accel=tcg disk=usb","bench.clock.self_timed_ms","42"
"step170 замеры на TSC, memcpy по 8 байт","2026-09-13","fork=Release tiering=on cpu=qemu64,+nx accel=tcg disk=usb","bench.alloc.short.ns_per_op","94"
"step170 замеры на TSC, memcpy по 8 байт","2026-09-13","fork=Release tiering=on cpu=qemu64,+nx accel=tcg disk=usb","bench.alloc.short.gc0","3"
"step170 замеры на TSC, memcpy по 8 байт","2026-09-13","fork=Release tiering=on cpu=qemu64,+nx accel=tcg disk=usb","bench.alloc.retained.ns_per_op","504"
"step170 замеры на TSC, memcpy по 8 байт","2026-09-13","fork=Release tiering=on cpu=qemu64,+nx accel=tcg disk=usb","bench.strings.ns_per_op","474"
"step170 замеры на TSC, memcpy по 8 байт","2026-09-13","fork=Release tiering=on cpu=qemu64,+nx accel=tcg disk=usb","bench.collections.ns_per_op","280"
"step170 замеры на TSC, memcpy по 8 байт","2026-09-13","fork=Release tiering=on cpu=qemu64,+nx accel=tcg disk=usb","bench.exceptions.ns_per_op","90460"
"step170 замеры на TSC, memcpy по 8 байт","2026-09-13","fork=Release tiering=on cpu=qemu64,+nx accel=tcg disk=usb","bench.jit.ns_per_op","629116"
"step170 замеры на TSC, memcpy по 8 байт","2026-09-13","fork=Release tiering=on cpu=qemu64,+nx accel=tcg disk=usb","bench.tasks.ns_per_op","33367"
"step170 замеры на TSC, memcpy по 8 байт","2026-09-13","fork=Release tiering=on cpu=qemu64,+nx accel=tcg disk=usb","bench.output.ns_per_op","429768"
"step170 трасса EH форка: макросы","2026-09-13","fork=Release tiering=on cpu=qemu64,+nx accel=tcg disk=usb","census.wall_ms","16495"
"step170 трасса EH форка: макросы","2026-09-13","fork=Release tiering=on cpu=qemu64,+nx accel=tcg disk=usb","run.Bench.wall_ms","964"
"step170 трасса EH форка: макросы","2026-09-13","fork=Release tiering=on cpu=qemu64,+nx accel=tcg disk=usb","run.Bench.clock.avg_ns","788"
"step170 трасса EH форка: макросы","2026-09-13","fork=Release tiering=on cpu=qemu64,+nx accel=tcg disk=usb","run.Bench.disklog.total_ms","18"
"step170 трасса EH форка: макросы","2026-09-13","fork=Release tiering=on cpu=qemu64,+nx accel=tcg disk=usb","run.Bench.screen.total_ms","12"
"step170 трасса EH форка: макросы","2026-09-13","fork=Release tiering=on cpu=qemu64,+nx accel=tcg disk=usb","run.Bench.write.total_ms","100"
"step170 трасса EH форка: макросы","2026-09-13","fork=Release tiering=on cpu=qemu64,+nx accel=tcg disk=usb","run.BENCHAOT.screen.total_ms","31"
"step170 трасса EH форка: макросы","2026-09-13","fork=Release tiering=on cpu=qemu64,+nx accel=tcg disk=usb","run.BENCHAOT.write.total_ms","199"
"step170 трасса EH форка: макросы","2026-09-13","fork=Release tiering=on cpu=qemu64,+nx accel=tcg disk=usb","bench.clock.utcnow.backsteps","0"
"step170 трасса EH форка: макросы","2026-09-13","fork=Release tiering=on cpu=qemu64,+nx accel=tcg disk=usb","bench.clock.self_timed_ms","42"
"step170 трасса EH форка: макросы","2026-09-13","fork=Release tiering=on cpu=qemu64,+nx accel=tcg disk=usb","bench.alloc.short.ns_per_op","102"
"step170 трасса EH форка: макросы","2026-09-13","fork=Release tiering=on cpu=qemu64,+nx accel=tcg disk=usb","bench.alloc.short.gc0","3"
"step170 трасса EH форка: макросы","2026-09-13","fork=Release tiering=on cpu=qemu64,+nx accel=tcg disk=usb","bench.alloc.retained.ns_per_op","410"
"step170 трасса EH форка: макросы","2026-09-13","fork=Release tiering=on cpu=qemu64,+nx accel=tcg disk=usb","bench.strings.ns_per_op","580"
"step170 трасса EH форка: макросы","2026-09-13","fork=Release tiering=on cpu=qemu64,+nx accel=tcg disk=usb","bench.collections.ns_per_op","357"
"step170 трасса EH форка: макросы","2026-09-13","fork=Release tiering=on cpu=qemu64,+nx accel=tcg disk=usb","bench.exceptions.ns_per_op","59143"
"step170 трасса EH форка: макросы","2026-09-13","fork=Release tiering=on cpu=qemu64,+nx accel=tcg disk=usb","bench.jit.ns_per_op","656170"
"step170 трасса EH форка: макросы","2026-09-13","fork=Release tiering=on cpu=qemu64,+nx accel=tcg disk=usb","bench.tasks.ns_per_op","21312"
"step170 трасса EH форка: макросы","2026-09-13","fork=Release tiering=on cpu=qemu64,+nx accel=tcg disk=usb","bench.output.ns_per_op","429024"
"step170 трасса EH форка: макросы","2026-09-13","fork=Release tiering=on cpu=qemu64,+nx accel=tcg disk=usb","aot.output.first.ns_per_op","482066"
"step170 трасса EH форка: макросы","2026-09-13","fork=Release tiering=on cpu=qemu64,+nx accel=tcg disk=usb","aot.alloc.short.ns_per_op","123"
"step170 трасса EH форка: макросы","2026-09-13","fork=Release tiering=on cpu=qemu64,+nx accel=tcg disk=usb","aot.alloc.short.gc","0"
"step170 трасса EH форка: макросы","2026-09-13","fork=Release tiering=on cpu=qemu64,+nx accel=tcg disk=usb","aot.alloc.retained.ns_per_op","186"
"step170 трасса EH форка: макросы","2026-09-13","fork=Release tiering=on cpu=qemu64,+nx accel=tcg disk=usb","aot.strings.ns_per_op","892"
"step170 трасса EH форка: макросы","2026-09-13","fork=Release tiering=on cpu=qemu64,+nx accel=tcg disk=usb","aot.collections.ns_per_op","191"
"step170 трасса EH форка: макросы","2026-09-13","fork=Release tiering=on cpu=qemu64,+nx accel=tcg disk=usb","aot.exceptions.ns_per_op","5349"
"step170 трасса EH форка: макросы","2026-09-13","fork=Release tiering=on cpu=qemu64,+nx accel=tcg disk=usb","aot.tasks.ns_per_op","432870"
"step170 трасса EH форка: макросы","2026-09-13","fork=Release tiering=on cpu=qemu64,+nx accel=tcg disk=usb","aot.output.ns_per_op","467573"
"step170 ожидание USB: HPET раз в 256 оборотов","2026-09-13","fork=Release tiering=on cpu=qemu64,+nx accel=tcg disk=usb","census.wall_ms","16499"
"step170 ожидание USB: HPET раз в 256 оборотов","2026-09-13","fork=Release tiering=on cpu=qemu64,+nx accel=tcg disk=usb","run.Bench.wall_ms","1030"
"step170 ожидание USB: HPET раз в 256 оборотов","2026-09-13","fork=Release tiering=on cpu=qemu64,+nx accel=tcg disk=usb","run.Bench.clock.avg_ns","880"
"step170 ожидание USB: HPET раз в 256 оборотов","2026-09-13","fork=Release tiering=on cpu=qemu64,+nx accel=tcg disk=usb","run.Bench.disklog.total_ms","20"
"step170 ожидание USB: HPET раз в 256 оборотов","2026-09-13","fork=Release tiering=on cpu=qemu64,+nx accel=tcg disk=usb","run.Bench.screen.total_ms","12"
"step170 ожидание USB: HPET раз в 256 оборотов","2026-09-13","fork=Release tiering=on cpu=qemu64,+nx accel=tcg disk=usb","run.Bench.write.total_ms","100"
"step170 ожидание USB: HPET раз в 256 оборотов","2026-09-13","fork=Release tiering=on cpu=qemu64,+nx accel=tcg disk=usb","run.BENCHAOT.screen.total_ms","28"
"step170 ожидание USB: HPET раз в 256 оборотов","2026-09-13","fork=Release tiering=on cpu=qemu64,+nx accel=tcg disk=usb","run.BENCHAOT.write.total_ms","194"
"step170 ожидание USB: HPET раз в 256 оборотов","2026-09-13","fork=Release tiering=on cpu=qemu64,+nx accel=tcg disk=usb","bench.clock.utcnow.backsteps","0"
"step170 ожидание USB: HPET раз в 256 оборотов","2026-09-13","fork=Release tiering=on cpu=qemu64,+nx accel=tcg disk=usb","bench.clock.self_timed_ms","48"
"step170 ожидание USB: HPET раз в 256 оборотов","2026-09-13","fork=Release tiering=on cpu=qemu64,+nx accel=tcg disk=usb","bench.alloc.short.ns_per_op","88"
"step170 ожидание USB: HPET раз в 256 оборотов","2026-09-13","fork=Release tiering=on cpu=qemu64,+nx accel=tcg disk=usb","bench.alloc.short.gc0","3"
"step170 ожидание USB: HPET раз в 256 оборотов","2026-09-13","fork=Release tiering=on cpu=qemu64,+nx accel=tcg disk=usb","bench.alloc.retained.ns_per_op","463"
"step170 ожидание USB: HPET раз в 256 оборотов","2026-09-13","fork=Release tiering=on cpu=qemu64,+nx accel=tcg disk=usb","bench.strings.ns_per_op","688"
"step170 ожидание USB: HPET раз в 256 оборотов","2026-09-13","fork=Release tiering=on cpu=qemu64,+nx accel=tcg disk=usb","bench.collections.ns_per_op","393"
"step170 ожидание USB: HPET раз в 256 оборотов","2026-09-13","fork=Release tiering=on cpu=qemu64,+nx accel=tcg disk=usb","bench.exceptions.ns_per_op","60870"
"step170 ожидание USB: HPET раз в 256 оборотов","2026-09-13","fork=Release tiering=on cpu=qemu64,+nx accel=tcg disk=usb","bench.jit.ns_per_op","696294"
"step170 ожидание USB: HPET раз в 256 оборотов","2026-09-13","fork=Release tiering=on cpu=qemu64,+nx accel=tcg disk=usb","bench.tasks.ns_per_op","72532"
"step170 ожидание USB: HPET раз в 256 оборотов","2026-09-13","fork=Release tiering=on cpu=qemu64,+nx accel=tcg disk=usb","bench.output.ns_per_op","430198"
"step170 ожидание USB: HPET раз в 256 оборотов","2026-09-13","fork=Release tiering=on cpu=qemu64,+nx accel=tcg disk=usb","aot.output.first.ns_per_op","449950"
"step170 ожидание USB: HPET раз в 256 оборотов","2026-09-13","fork=Release tiering=on cpu=qemu64,+nx accel=tcg disk=usb","aot.alloc.short.ns_per_op","113"
"step170 ожидание USB: HPET раз в 256 оборотов","2026-09-13","fork=Release tiering=on cpu=qemu64,+nx accel=tcg disk=usb","aot.alloc.short.gc","0"
"step170 ожидание USB: HPET раз в 256 оборотов","2026-09-13","fork=Release tiering=on cpu=qemu64,+nx accel=tcg disk=usb","aot.alloc.retained.ns_per_op","169"
"step170 ожидание USB: HPET раз в 256 оборотов","2026-09-13","fork=Release tiering=on cpu=qemu64,+nx accel=tcg disk=usb","aot.strings.ns_per_op","840"
"step170 ожидание USB: HPET раз в 256 оборотов","2026-09-13","fork=Release tiering=on cpu=qemu64,+nx accel=tcg disk=usb","aot.collections.ns_per_op","189"
"step170 ожидание USB: HPET раз в 256 оборотов","2026-09-13","fork=Release tiering=on cpu=qemu64,+nx accel=tcg disk=usb","aot.exceptions.ns_per_op","5691"
"step170 ожидание USB: HPET раз в 256 оборотов","2026-09-13","fork=Release tiering=on cpu=qemu64,+nx accel=tcg disk=usb","aot.tasks.ns_per_op","372668"
"step170 ожидание USB: HPET раз в 256 оборотов","2026-09-13","fork=Release tiering=on cpu=qemu64,+nx accel=tcg disk=usb","aot.output.ns_per_op","474093"
